{
    "knots": [
        15.74575077,
        15.74575077,
        15.74575077,
        15.994336930000005,
        15.994336930000005,
        15.994336930000005,
        16.994336930000003,
        16.994336930000003,
        16.994336930000003,
        17.994336930000003,
        17.994336930000003,
        17.994336930000003,
        18.994336930000003,
        18.994336930000003,
        18.994336930000003,
        19.994336930000003,
        19.994336930000003,
        19.994336930000003,
        20.253014205,
        20.253014205,
        20.253014205,
        20.88520212,
        21.502214874,
        21.502214874,
        21.502214874,
        21.758286319,
        21.758286319,
        21.758286319,
        22.758286319,
        22.758286319,
        22.758286319,
        23.758286319,
        23.758286319,
        23.758286319,
        24.758286319,
        24.758286319,
        24.758286319,
        25.758286319,
        25.758286319,
        25.758286319,
        26.014851715,
        26.014851715,
        26.014851715,
        26.633484611,
        27.244006169,
        27.244006169,
        27.244006169,
        27.495894293,
        27.495894293,
        27.495894293,
        28.495894293,
        28.495894293,
        28.495894293,
        29.495894293,
        29.495894293,
        29.495894293,
        30.495894293,
        30.495894293,
        30.495894293,
        31.495894293,
        31.495894293,
        31.495894293,
        31.758026583,
        31.758026583,
        31.758026583,
        32.371381249,
        32.991210664,
        32.991210664,
        32.991210664,
        33.247937674,
        33.247937674,
        33.247937674,
        34.247937674,
        34.247937674,
        34.247937674,
        35.247937674,
        35.247937674,
        35.247937674,
        36.247937674,
        36.247937674,
        36.247937674,
        37.247937674,
        37.247937674,
        37.247937674,
        37.502186904,
        37.502186904,
        37.502186904,
        38.1210905535,
        38.742038981499995,
        38.742038981499995,
        38.742038981499995
    ],
    "parent": "master_ctrl",
    "form": 0,
    "overrideColorRGB": [
        0.0,
        0.0,
        0.0
    ],
    "overrideColor": 5,
    "shape": "master_ctrlShape",
    "overrideEnabled": false,
    "pivot": [
        0.0,
        0.0,
        0.0
    ],
    "degree": 3,
    "overrideRGBColors": false,
    "name": "master_ctrl",
    "cvs": [
        [
            -2.7346394221470214,
            2.220446049250313e-16,
            -0.8403308129837348
        ],
        [
            -2.9435340320763084,
            2.220446049250313e-16,
            -0.8403308129837348
        ],
        [
            -3.152428642005614,
            3.3306690738754696e-16,
            -0.8403308129837348
        ],
        [
            -3.36132325193492,
            3.3306690738754696e-16,
            -0.8403308129837348
        ],
        [
            -3.36132325193492,
            3.3306690738754696e-16,
            -1.1204410839783197
        ],
        [
            -3.36132325193492,
            5.551115123125783e-17,
            -1.400551354972885
        ],
        [
            -3.36132325193492,
            2.220446049250313e-16,
            -1.6806616259674512
        ],
        [
            -3.921543793924072,
            5.551115123125783e-16,
            -1.1204410839783197
        ],
        [
            -4.481764335913225,
            5.551115123125783e-16,
            -0.5602205419891506
        ],
        [
            -5.041984877902374,
            9.43689570931383e-16,
            2.7755575615628914e-17
        ],
        [
            -4.481764335913225,
            9.992007221626409e-16,
            0.5602205419891506
        ],
        [
            -3.921543793924072,
            9.992007221626409e-16,
            1.1204410839783012
        ],
        [
            -3.36132325193492,
            1.2212453270876722e-15,
            1.6806616259674514
        ],
        [
            -3.36132325193492,
            9.43689570931383e-16,
            1.4005513549728854
        ],
        [
            -3.36132325193492,
            9.992007221626409e-16,
            1.1204410839783012
        ],
        [
            -3.36132325193492,
            7.771561172376096e-16,
            0.840330812983717
        ],
        [
            -3.1439487671337454,
            7.771561172376096e-16,
            0.840330812983717
        ],
        [
            -2.926574282332584,
            6.661338147750939e-16,
            0.840330812983717
        ],
        [
            -2.732660108645766,
            1.1102230246251565e-16,
            0.8115667313575161
        ],
        [
            -2.596819041052125,
            5.551115123125783e-16,
            1.2640877655857221
        ],
        [
            -2.1108519263121437,
            7.771561172376096e-16,
            2.094856356644432
        ],
        [
            -1.2842216759208471,
            9.992007221626409e-16,
            2.5849618120518074
        ],
        [
            -0.8403308129837169,
            7.771561172376096e-16,
            2.715769075258605
        ],
        [
            -0.8403308129837169,
            5.551115123125783e-16,
            2.930953800817391
        ],
        [
            -0.8403308129837169,
            9.992007221626409e-16,
            3.146138526376139
        ],
        [
            -0.8403308129837169,
            5.551115123125783e-16,
            3.3613232519349197
        ],
        [
            -1.1204410839783197,
            5.551115123125783e-16,
            3.3613232519349197
        ],
        [
            -1.4005513549728854,
            9.992007221626409e-16,
            3.36132325193492
        ],
        [
            -1.6806616259674512,
            9.992007221626409e-16,
            3.36132325193492
        ],
        [
            -1.1204410839783197,
            5.551115123125783e-16,
            3.921543793924072
        ],
        [
            -0.5602205419891506,
            1.887379141862766e-15,
            4.481764335913225
        ],
        [
            8.478326876787539e-18,
            9.43689570931383e-16,
            5.041984877902373
        ],
        [
            0.5602205419891506,
            1.887379141862766e-15,
            4.481764335913225
        ],
        [
            1.1204410839783012,
            5.551115123125783e-17,
            3.921543793924073
        ],
        [
            1.6806616259674512,
            5.551115123125783e-16,
            3.36132325193492
        ],
        [
            1.4005513549728854,
            5.551115123125783e-16,
            3.36132325193492
        ],
        [
            1.1204410839783012,
            5.551115123125783e-16,
            3.36132325193492
        ],
        [
            0.8403308129837169,
            5.551115123125783e-16,
            3.36132325193492
        ],
        [
            0.8403308129837169,
            4.440892098500626e-16,
            3.1457234441307502
        ],
        [
            0.8403308129837169,
            2.220446049250313e-16,
            2.930123636326578
        ],
        [
            0.8406300352583757,
            1.2212453270876722e-15,
            2.723770607092668
        ],
        [
            1.2820769183547025,
            7.771561172376096e-16,
            2.586232516665305
        ],
        [
            2.0958767706358845,
            7.771561172376096e-16,
            2.104426628662264
        ],
        [
            2.579859163700042,
            5.551115123125783e-16,
            1.2928032814421977
        ],
        [
            2.7263151958693252,
            -4.440892098500626e-16,
            0.8403308129837175
        ],
        [
            2.937984547891184,
            -4.996003610813204e-16,
            0.8403308129837175
        ],
        [
            3.149653899913062,
