{
    "knots": [
        0.0,
        0.0,
        0.0,
        1.0,
        1.0,
        1.0,
        2.0,
        2.0,
        2.0,
        3.0,
        3.0,
        3.0,
        4.0,
        4.0,
        4.0,
        5.0,
        5.0,
        5.0,
        6.0,
        6.0,
        6.0,
        7.0,
        7.0,
        7.0,
        8.0,
        8.0,
        8.0,
        9.0,
        9.0,
        9.0,
        10.0,
        10.0,
        10.0,
        11.0,
        11.0,
        11.0,
        12.0,
        12.0,
        12.0,
        13.0,
        13.0,
        13.0,
        14.0,
        14.0,
        14.0
    ],
    "parent": "eye",
    "form": 0,
    "overrideColorRGB": [
        0.0,
        0.0,
        0.0
    ],
    "overrideColor": 0,
    "shape": "eyeShape",
    "overrideEnabled": false,
    "pivot": [
        -10.830277777777777,
        -3.0941298905733876e-15,
        13.934722222222222
    ],
    "degree": 3,
    "overrideRGBColors": false,
    "name": "eye",
    "cvs": [
        [
            -2.898345576922086,
            9.510395816879626e-18,
            -3.552713678800501e-15
        ],
        [
            -2.8236722238858594,
            -1.1085326997930662e-17,
            0.09189190323780849
        ],
        [
            -2.7798107753859576,
            -2.4878510096237475e-17,
            0.15228540452286232
        ],
        [
            -2.7283765763706533,
            -3.710037766775017e-17,
            0.2048618027296758
        ],
        [
            -2.3193656555811586,
            -1.3429023964300732e-16,
            0.6201581692969462
        ],
        [
            -1.8536351066165526,
            -2.1488317287833244e-16,
            0.9688819683364773
        ],
        [
            -1.306806942621856,
            -2.7038693186483504e-16,
            1.2177144855923192
        ],
        [
            -0.7788953134748553,
            -3.239706888001945e-16,
            1.4590342733595154
        ],
        [
            -0.2264886516994924,
            -3.492744117888248e-16,
            1.572992110782197
        ],
        [
            0.3546787707010832,
            -3.3128303576595157e-16,
            1.4919661564297027
        ],
        [
            1.3531035084194478,
            -3.003746303494608e-16,
            1.3527670733133785
        ],
        [
            2.127356152004662,
            -1.8236493475877577e-16,
            0.8212986522250638
        ],
        [
            2.7914397557576542,
            -2.1158240924382134e-17,
            0.095288245942859
        ],
        [
            2.8783078384399428,
            -7.102818307685831e-20,
            -3.552713678800501e-15
        ],
        [
            2.8525821261935764,
            1.3089385540017981e-17,
            -0.05894935184053729
        ],
        [
            2.780713666280123,
            3.09352090682426e-17,
            -0.13931979603236933
        ],
        [
            2.315641924540188,
            1.464185185441777e-16,
            -0.6594103855557023
        ],
        [
            1.77647210015191,
            2.408284354448437e-16,
            -1.0845948521296211
        ],
        [
            1.1184330240885405,
            2.9338859617977943e-16,
            -1.321304772430011
        ],
        [
            0.7865502887301901,
            3.1989736294338007e-16,
            -1.4406896445486144
        ],
        [
            0.42621590932211184,
            3.3812425700663937e-16,
            -1.5227762778600304
        ],
        [
            0.07502099143134267,
            3.4161505165937436e-16,
            -1.5384974193573147
        ],
        [
            -0.8211395857069181,
            3.50522652920619e-16,
            -1.578613689078221
        ],
        [
            -1.5787140644921127,
            2.6723680056976797e-16,
            -1.2035275554656941
        ],
        [
            -2.252893278333879,
            1.4322108492946182e-16,
            -0.6288770654418769
        ],
        [
            -2.4772386029031743,
            1.0195260494731349e-16,
            -0.4314872199856641
        ],
        [
            -2.6802886618508186,
            5.497641133190389e-17,
            -0.21090772020829185
        ],
        [
            -2.898345576922086,
            9.510395816879626e-18,
            -3.552713678800501e-15
        ],
        [
            -2.3493922551472988,
            7.95053358724514e-18,
            -3.552713678800501e-15
        ],
        [
            -1.800439039866129,
            6.390581242717813e-18,
            -3.552713678800501e-15
        ],
        [
            -1.251485824584961,
            4.830628898191275e-18,
            -3.9324275391550145e-08
        ],
        [
            -1.2480016186502088,
            1.5948971375754743e-16,
            -0.7108476015512881
        ],
        [
            -0.6719038695759281,
            2.840045988544484e-16,
            -1.2790430055724045
        ],
        [
            0.029399280813020567,
            2.81674623445369e-16,
            -1.2685497291882921
        ],
        [
            0.7026055243280211,
            2.7943805741798136e-16,
            -1.2584771312607597
        ],
        [
            1.2494087248378385,
            1.5240374858185488e-16,
            -0.6863654653231119
        ],
        [
            1.2467880299356278,
            -1.1511750088662191e-18,
            0.005184431340964579
        ],
        [
            1.244248886903124,
            -1.49928653959008e-16,
            0.6752186301019449
        ],
        [
            0.672714476320504,
            -2.7709856477022964e-16,
            1.2479409930441019
        ],
        [
            0.01141884300446172,
            -2.76028510400833e-16,
            1.243121896584821
        ],
        [
            -0.6967131325933682,
            -2.7488267669938837e-16,
            1.2379615203539664
        ],
        [
            -1.2549897795253422,
            -1.5072672746076776e-16,
            0.6855625494249846
        ],
        [
            -1.2514854714605548,
            4.830611192849207e-18,
            3.443643583622702e-06
        ]
    ],
    "xform": [
        1.0,
        0.0,
        0.0,
        0.0,
        0.0,
        1.0,
        0.0,
        0.0,
        0.0,
        0.0,
        1.0,
        0.0,
        0.0,
        0.0,
        0.0,
        1.0
    ]
}
