{
    "knots": [
        0.0,
        1.0,
        2.0,
        3.0,
        4.0,
        5.0,
        6.0,
        7.0,
        8.0,
        9.0,
        10.0,
        11.0,
        12.0,
        13.0,
        14.0,
        15.0,
        16.0,
        17.0,
        18.0,
        19.0,
        20.0,
        21.0,
        22.0,
        23.0,
        24.0,
        25.0,
        26.0,
        27.0,
        28.0,
        29.0,
        30.0,
        31.0,
        32.0
    ],
    "form": 0,
    "overrideColorRGB": [
        0.0,
        0.0,
        0.0
    ],
    "overrideColor": 30,
    "shape": "four_arrow_circle_rotate_shape",
    "overrideEnabled": true,
    "pivot": [
        1.8207657603852567e-14,
        -0.7393499470068622,
        0.09037278515372282
    ],
    "degree": 1,
    "overrideRGBColors": false,
    "name": "four_arrow_circle_rotate",
    "cvs": [
        [
            2.6232128382764186,
            0.08253744192394326,
            2.7135856234301414
        ],
        [
            1.0857174610790987,
            -0.24448208885037664,
            2.9394732719349106
        ],
        [
            1.7160177545082822,
            -0.24448208885037664,
            2.309172978505729
        ],
        [
            1.0602138901620053,
            -0.416598051303135,
            1.653369114159448
        ],
        [
            0.007286622300242533,
            -0.5198674293033103,
            0.6004418462976865
        ],
        [
            -1.0529272678617547,
            -0.416598051303135,
            1.6606557364596806
        ],
        [
            -1.708731132208024,
            -0.24448208885037664,
            2.316459600805952
        ],
        [
            -1.085717461079062,
            -0.24448208885037664,
            2.9394732719349106
        ],
        [
            -2.623212838276413,
            0.08253744192394326,
            2.7135856234301414
        ],
        [
            -2.8491004867811696,
            -0.24448208885037664,
            1.1760902462327965
        ],
        [
            -2.226086815652215,
            -0.24448208885037664,
            1.799103917361759
        ],
        [
            -1.5702829513059464,
            -0.416598051303135,
            1.1433000530154862
        ],
        [
            -0.5100690611439496,
            -0.5198674293033103,
            0.08308616285349306
        ],
        [
            -1.562996329005716,
            -0.416598051303135,
            -0.9698411050082686
        ],
        [
            -2.21880019335198,
            -0.244482088850376,
            -1.6256449693545394
        ],
        [
            -2.8491004867811625,
            -0.244482088850376,
            -0.9953446759253578
        ],
        [
            -2.6232128382764124,
            0.082537441923944,
            -2.5328400531226873
        ],
        [
            -1.0857174610790623,
            -0.244482088850376,
            -2.7587277016274583
        ],
        [
            -1.7160177545082445,
            -0.244482088850376,
            -2.1284274081982786
        ],
        [
            -1.0602138901619764,
            -0.416598051303135,
            -1.4726235438520086
        ],
        [
            -0.007286622300212192,
            -0.5198674293033103,
            -0.41969627599024567
        ],
        [
            1.0529272678617831,
            -0.416598051303135,
            -1.4799101661522422
        ],
        [
            1.7087311322080492,
            -0.24448208885037664,
            -2.135714030498509
        ],
        [
            1.085717461079091,
            -0.24448208885037664,
            -2.758727701627465
        ],
        [
            2.6232128382764186,
            0.08253744192394326,
            -2.5328400531226873
        ],
        [
            2.849100486781206,
            -0.24448208885037664,
            -0.9953446759253564
        ],
        [
            2.2260868156522458,
            -0.24448208885037664,
            -1.618358347054316
        ],
        [
            1.5702829513059744,
            -0.416598051303135,
            -0.9625544827080477
        ],
        [
            0.5100690611439832,
            -0.5198674293033103,
            0.09765940745394784
        ],
        [
            1.5629963290057434,
            -0.416598051303135,
            1.150586675315711
        ],
        [
            2.2188001933520245,
            -0.24448208885037664,
            1.8063905396619877
        ],
        [
            2.849100486781206,
            -0.24448208885037664,
            1.1760902462328071
        ],
        [
            2.6232128382764186,
            0.08253744192394326,
            2.7135856234301414
        ]
    ],
    "xform": [
        1.0,
        0.0,
        0.0,
        0.0,
        0.0,
        1.0,
        0.0,
        0.0,
        0.0,
        0.0,
        1.0,
        0.0,
        0.0,
        0.0,
        0.0,
        1.0
    ]
}
