{
    "knots": [
        0.0,
        0.0,
        0.0,
        1.0,
        1.0,
        1.0,
        2.0,
        2.0,
        2.0,
        3.0,
        3.0,
        3.0,
        4.0,
        4.0,
        4.0,
        5.0,
        5.0,
        5.0,
        6.0,
        6.0,
        6.0,
        7.0,
        7.0,
        7.0,
        8.0,
        8.0,
        8.0
    ],
    "parent": "|shapes_tmp|leaper",
    "form": 0,
    "overrideColorRGB": [
        0.0,
        0.0,
        0.0
    ],
    "overrideColor": 0,
    "shape": "Cn_master_ctrlShape",
    "overrideEnabled": false,
    "pivot": [
        0.0,
        0.0,
        0.0
    ],
    "degree": 3,
    "overrideRGBColors": false,
    "name": "leaper",
    "cvs": [
        [
            -2.3326137955936947,
            4.635154172723006e-16,
            -0.6452489164242653
        ],
        [
            -2.12756459019029,
            4.635154172723006e-16,
            -0.21386490002390685
        ],
        [
            -1.7020659920456644,
            2.2913403646291055e-16,
            0.1419776790111114
        ],
        [
            -1.154465135305151,
            2.2913403646291055e-16,
            0.35212893887640717
        ],
        [
            -1.003254038342561,
            0.0,
            0.8496107345206885
        ],
        [
            -0.540371630695244,
            -1.1544157562253503e-16,
            1.2109647045646912
        ],
        [
            0.006347884332856681,
            -2.326322660272297e-16,
            1.2090549761934828
        ],
        [
            0.5531046374773947,
            -4.635154172723006e-16,
            1.2072514100435259
        ],
        [
            1.0135574313994395,
            -2.326322660272297e-16,
            0.8427863090641241
        ],
        [
            1.16135494471351,
            -1.1544157562253503e-16,
            0.34422223960509785
        ],
        [
            1.7075843644642874,
            0.0,
            0.13034852548945008
        ],
        [
            2.130601239207104,
            1.1369246084037548e-16,
            -0.2283743584728507
        ],
        [
            2.3326137955936947,
            2.2913403646291055e-16,
            -0.6611774294286483
        ],
        [
            1.996845262659598,
            2.2913403646291055e-16,
            -0.5299276598911331
        ],
        [
            1.5977674683407395,
            2.2913403646291055e-16,
            -0.42651398997087087
        ],
        [
            1.1569427582930032,
            2.2913403646291055e-16,
            -0.35926216393916804
        ],
        [
            1.0035667452093464,
            4.635154172723006e-16,
            -0.8530460746910726
        ],
        [
            0.5424559914152657,
            4.635154172723006e-16,
            -1.2109647045646912
        ],
        [
            -0.001766758984962962,
            4.635154172723006e-16,
            -1.2090704790191606
        ],
        [
            -0.545975398013858,
            4.635154172723006e-16,
            -1.2072581802333089
        ],
        [
            -1.0047649070765454,
            4.635154172723006e-16,
            -0.8462434443420154
        ],
        [
            -1.1548348551771719,
            4.635154172723006e-16,
            -0.3513675431159194
        ],
        [
            -1.5961979151370906,
            4.635154172723006e-16,
            -0.41557914708260546
        ],
        [
            -1.996054195433996,
            4.635154172723006e-16,
            -0.5162364920392504
        ],
        [
            -2.3326137955936947,
            4.635154172723006e-16,
            -0.6452489164242653
        ]
    ],
    "xform": [
        1.0,
        0.0,
        0.0,
        0.0,
        0.0,
        1.0,
        0.0,
        0.0,
        0.0,
        0.0,
        1.0,
        0.0,
        0.0,
        0.0,
        0.0,
        1.0
    ]
}
